<?xml version="1.0" encoding="utf-8"?>
<paths>
    <external-path name="share" path="/" />
    <external-path name="external_files" path="."/>
    <root-path name="root" path="." />
    <!--    <files-path path="/" name="allfiles" />-->
    <!--    <external-path path="/" name="externalfiles" />-->
    <!--    <root-path name="external_files" path="/storage/" />-->
    <!--    <cache-path name="cache" path="/" />-->
    <!--    <files-path name="files" path="/" />-->
    <external-path
        name="external"
        path="." />
    <external-files-path
        name="external_files"
        path="." />
    <cache-path
        name="cache"
        path="." />
    <external-cache-path
        name="external_cache"
        path="." />
    <files-path
        name="files"
        path="." />
    <files-path name="WhatsApp Images" path="/storage/emulated/0/Android/media/com.whatsapp/WhatsApp/Media/"/>
    <external-path name="external" path="."/>
    <external-files-path name="my_images" path="/" />
    <external-files-path name="Pictures" path="Pictures"/>
    <external-files-path name="external_files" path="."/>
    <cache-path name="cache" path="."/>
    <external-cache-path name="external_cache" path="."/>
    <external-media-path name="external_media" path="."/>
    <files-path name="files" path="."/>
    <root-path name="external_files" path="/storage/"/>
    <external-path name="external_files" path="."/>
</paths>