<resources xmlns:tools="http://schemas.android.com/tools">

    <style name="Theme.Splash.ContectApp" parent="Theme.AppCompat.Light.NoActionBar" >
        <item name="android:statusBarColor">@color/black</item>
        <item name="android:navigationBarColor">@color/black</item>
        <item name="windowActionBar">false</item>
        <item name="windowNoTitle">true</item>
        <item name="android:forceDarkAllowed">false</item>
        <item name="android:fullDark">@android:color/black</item>
        <item name="android:windowLightStatusBar">false</item>
        <item name="android:windowLightNavigationBar">false</item>

        <item name="android:editTextColor">@android:color/black</item>
        <item name="android:windowBackground">@drawable/bg_windo_black</item>
    </style>
</resources>