<?xml version="1.0" encoding="utf-8"?>
<resources>
    <dimen name="dialpad_button_size">60dp</dimen>
    <dimen name="dialpad_button_size_small">50dp</dimen>
    <dimen name="incoming_call_arrow_size">50dp</dimen>
    <dimen name="incoming_call_button_size">72dp</dimen>
    <dimen name="call_notification_button_size">40dp</dimen>
    <dimen name="incoming_call_avatar_size">120dp</dimen>
    <dimen name="activity_margin">16dp</dimen>
    <dimen name="caller_name_text_size">34sp</dimen>
    <dimen name="call_status_text_size">20sp</dimen>
    <dimen name="bigger_text_size">16sp</dimen>
    <dimen name="medium_margin">8dp</dimen>
    <dimen name="normal_margin">12dp</dimen>
    <dimen name="small_margin">4dp</dimen>
    <!-- keep these 2 values in dp to avoid scaling -->
    <dimen name="dialpad_text_size">28dp</dimen>
    <dimen name="dialpad_letters_text_size">12dp</dimen>
    <dimen name="medium_text">12dp</dimen>
    <dimen name="list_avatar_size">40dp</dimen>
    <dimen name="_12sdp">12dp</dimen>

    <dimen name="fast_scroller_thumb_elevation">2dp</dimen>
    <dimen name="fast_scroller_thumb_size">32dp</dimen>
    <dimen name="fast_scroller_default_text_padding">4dp</dimen>
</resources>
