<resources>
    <string name="app_name">Callen</string>
    <string name="app_name_New">#Callen</string>

    <string name="advertisement_space">Advertisement Space</string>

    <string name="str_english">English</string>
    <string name="str_hindi">Hindi</string>
    <string name="str_chi">Chinese</string>
    <string name="str_spa">Spain</string>
    <string name="str_arb">Arabic</string>
    <string name="str_jp">Japanese</string>
    <string name="str_fra">French</string>
    <string name="str_rus">Russian</string>
    <string name="str_port">Portuguese</string>
    <string name="str_urdu">Urdu</string>
    <string name="str_ger">German</string>
    <string name="str_ban">Bangla</string>
    <string name="str_block">Block</string>
    <string name="str_share">Share</string>
    <string name="str_delete">Delete</string>
    <string name="str_unfavourite">Unfavourite</string>
    <string name="str_fav">Favourite</string>
    <string name="str_recent">Recent</string>
    <string name="toast_fav_sucess">Favourite Success</string>
    <string name="toast_unfav_sucess">Remove From Favourite</string>
    <string name="toast_delete">Delete Success</string>
    <string name="toast_added_to_blocklist">Added to Blocklist</string>
    <string name="str_block_contect">Block List</string>
    <string name="str_un_block">Unblock</string>
    <string name="toast_remove_sucess">Unblocked Success</string>
    <string name="Str_unknown">Unknown</string>
    <string name="str_outgoing">Outgoing Call</string>
    <string name="str_misscall">Missed Call</string>
    <string name="str_blockcall">Blocked Call</string>
    <string name="str_incoming">Incoming Call</string>
    <string name="str_contect_detail">Contact Details</string>
    <string name="str_call_detail">Call Details</string>
    <string name="str_edit_contect">Edit Contact</string>
    <string name="str_delete_number">Delete Number</string>
    <string name="str_copy_number">Copy Number</string>
    <string name="str_block_number">Block Number</string>
    <string name="toast_copy">Copy Number</string>
    <string name="str_dialer">Dialer</string>
    <string name="no_contacts_found">No contacts found</string>
    <string name="asterisk">Asterisk</string>
    <string name="str_hashtag">Hashtag</string>
    <string name="somwthing_went_wrong">Something went wrong</string>
    <string name="str_mute">Mute</string>
    <string name="str_keypad">Keypad</string>
    <string name="str_speaker">speaker</string>
    <string name="str_add_call">Add Call</string>
    <string name="str_swap_call">swap call</string>
    <string name="str_video_call">video call</string>
    <string name="str_merge_call">merge call</string>
    <string name="str_hold">hold</string>
    <string name="str_spam">spam</string>
    <string name="call_on_hold">Call on Hold</string>
    <string name="str_conference">conference</string>
    <string name="str_incoming_call">Incoming Call</string>
    <string name="str_dialing">Dialing</string>
    <string name="str_call_ended">Call Ended</string>
    <string name="str_call_ending">Call Ending</string>
    <string name="str_ongoing_call">Ongoing Call</string>
    <string name="str_unknown">unknown</string>
    <string name="str_empty">Empty</string>
    <string name="str_un_mute">Un Mute</string>
    <string name="str_speaker_off">speaker off</string>
    <string name="str_choose_sim_for_this_call">Choose sim for call</string>
    <string name="str_notification_missedCallsMsg">%s missed calls</string>
    <string name="str_remind_call_screen_channel_id">Remind calls</string>
    <string name="str_decline">Decline</string>
    <string name="str_keypad_small">Keypad</string>
    <string name="str_facetime">FaceTime</string>
    <string name="str_hide">Hide</string>
    <string name="str_remind_me">remind me</string>
    <string name="str_message">Message</string>
    <string name="str_accept">Accept</string>
    <string name="str_contact">Contact</string>
    <string name="str_call_activity_calling">calling...</string>
    <string name="str_remind_1">In 5 minute</string>
    <string name="str_remind_2">In 10 minute</string>
    <string name="str_remind_3">In 30 minute</string>
    <string name="str_remind_4">In 1 hour</string>
    <string name="str_call_activity_callend">end call</string>
    <string name="str_user_busy">User Busy</string>
    <string name="str_cancel">Cancel</string>
    <string name="str_callback">Call Back</string>
    <string name="key_eight">TUV</string>
    <string name="key_five">JKL</string>
    <string name="key_four">GHI</string>
    <string name="key_nine">WXYZ</string>
    <string name="key_seven">PQRS</string>
    <string name="key_six">MNO</string>
    <string name="key_three">DEF</string>
    <string name="key_two">ABC</string>
    <string name="str_un_hold">Un Hold</string>
    <string name="str_install">Install</string>
    <string name="str_langugae">Language</string>
    <string name="str_space_for_ad">Advertisement Space...</string>
    <string name="str_welcome">Welcome to</string>
    <string name="str_continue">Continue</string>
    <string name="str_continue_desc">Want to set a Default phone calls? other Apps.</string>
    <string name="str_click"><u>Click the button</u></string>
    <string name="str_belowto">Below To Set It Up</string>
    <string name="str_phone_dialer">Phone Dialer</string>
    <string name="str_phone_dialer_app">Phone Dialer App</string>
    <string name="str_improve_des"><![CDATA[Improve Your Phone Calling Experience With Contacts & Phone Dialer]]></string>
    <string name="str_set_default">Set Default</string>
    <string name="str_set_default_app">Set Default App</string>
    <string name="str_default_des"><![CDATA[Call Can Only Call Dialer & Recevie if it is Deafult Call App]]></string>
    <string name="str_privacy_policy">By tapping set Default, you indicate that you </string>
    <string name="str_policy"><u>Privacy Policy</u></string>
    <string name="str_read_our">have read our</string>
    <string name="str_app">App</string>
    <string name="str_call">Call</string>
    <string name="str_setting">Setting</string>
    <string name="str_nocall">No Calls</string>
    <string name="str_no_contect">No Contact</string>
    <string name="str_no_fav">No Favourite</string>
    <string name="str_history">History</string>
    <string name="str_search_contect">Search Contacts</string>
    <string name="str_voice_call">Voice call</string>
    <string name="str_no_sim">NoSIM card available</string>
    <string name="str_delete_contect">Delete Contact</string>
    <string name="str_delte_file_msg">Are you sure to delete contact ?</string>
    <string name="str_ok">Ok</string>
    <string name="str_add_picture">Add Picture</string>
    <string name="str_first_name">First Name</string>
    <string name="str_call_blocker">Call Blocker</string>
    <string name="str_remove_fav">Remove Favourite</string>
    <string name="str_call_history">Call History</string>
    <string name="str_no_history">No History</string>
    <string name="str_no_blocker">No Blocker</string>
    <string name="str_add_number">Add Number</string>
    <string name="str_genreal">General</string>
    <string name="str_theme">Theme</string>
    <string name="str_help">Help</string>
    <string name="str_share_app">Share App</string>
    <string name="str_rate_us">Rate Us</string>
    <string name="str_privacy_policy_setting">Privacy Policy</string>
    <string name="str_version">Version</string>
    <string name="share_App_msg">The Contact Phone Dialer with Caller ID and Call Blocker</string>
    <string name="str_communication">Communication</string>
    <string name="str_service">Service Quality</string>
    <string name="str_slow_app">Tow Slow App</string>
    <string name="str_other">Others</string>
    <string name="str_submit">Set Default</string>
    <string name="str_check">Please enter at least 6 characters.</string>
    <string name="str_selected_theme">Select Theme</string>
    <string name="str_dark_theme">Dark Theme</string>
    <string name="str_system_theme">System Theme</string>
    <string name="str_light_theme">Light Theme</string>
    <string name="str_unblock_file_msg">Are you sure to Unblock contact ?</string>
    <string name="str_rate_default">Enjoying App ?</string>
    <string name="str_defult_rate_message">Please Give Us 5 Stars Rating.</string>
    <string name="str_submit_rate">Submit</string>
    <string name="toast_rate_good">Thanks For Good Rating</string>
    <string name="str_satisfied">Are you satisfied with contact app?</string>
    <string name="str_good">Good</string>
    <string name="str_not_really"><u>Not Really</u></string>
    <string name="str_exit_app">Exit App ?</string>
    <string name="str_exit"><u>Exit App</u></string>
    <string name="toast_rate">Thanks For Rating</string>
    <string name="txt_slide_to_answer">Slide to answer</string>
    <string name="str_sim_1">SIM 1</string>
    <string name="str_sim_2">SIM 2</string>
    <string name="toast_default_dialer">Please set this app as the default dialer</string>
    <string name="toast_wp_not_install">App is not currently installed</string>
    <string name="str_today">Today</string>
    <string name="str_yesterday">Yesterday</string>
    <string name="str_older">Older</string>
    <string name="str_permission">Permission</string>
    <string name="str_noti_requi_sec">Needs Notification Permissions For Better experince</string>
    <string name="str_allow">Allow</string>
    <string name="str_open_setting">Open Setting</string>
    <string name="str_one">1.</string>
    <string name="str_two">2.</string>
    <string name="str_tap_on">Tap on App Notification Permission</string>
    <string name="str_three">3.</string>
    <string name="str_turn_on_notification">Turn on Notification</string>
    <string name="str_tap_on_permission">Tab on app permission</string>
    <string name="str_turn_on_permission">Turn on permission</string>
    <string name="str_allow_contect">All Contacts to access your Contacts ?</string>
    <string name="str_load_contect">Loading contacts...</string>
    <string name="str_conforance_on_hold">Conference Call On Hold</string>
    <string name="str_bluetooth">bluetooth</string>
    <string name="str_phone">Phone</string>
    <string name="str_wired_headset">headset</string>
    <string name="str_no_internet">No internet</string>
    <string name="str_internet_message">You are not connected to the internet</string>
    <string name="str_try_again">Try Again</string>
    <string name="str_block_msg">"You blocked if they call you, you won't receive their call. "</string>
    <string name="toast_enter_number">Please Enter Number</string>
    <string name="str_delete_history">Delete History</string>
    <string name="str_delte_file_msg_history">Are you sure to delete contact History?</string>
    <string name="toast_already_blocked">Already blocked</string>
    <string name="toast_failed_fav">Failed to mark contact as favorite</string>
    <string name="str_wp_not_install">WhatsApp not installed</string>
    <string name="str_wp_msg">To use this feature, you need to have WhatsApp installed.</string>

    <string name="str_please_enter_message">please enter message</string>
    <string name="str_txt1">Can\'t talk right now.</string>
    <string name="str_txt2">I\'ll call you later.</string>
    <string name="str_txt3">I\'m on my way.</string>
    <string name="str_txt4">Can\'t talk now,Call me later.</string>
    <string name="str_txt5">Write Your Own</string>
    <string name="toast_msg_send">message send</string>
    <string name="toast_please_enetr_msg">please enter message</string>
    <string name="str_cnference_call">Conference Call</string>
    <string name="str_manage">Manage</string>
    <string name="str_whatspp_nocontect">WhatsApp contact not found</string>
    <string name="str_review_success">Review successful</string>
    <string name="str_review_failed">Review failed.</string>
    <string name="str_review_null">ReviewInfo is null</string>
    <string name="str_review_not_recived">ReviewInfo not received.</string>
    <string name="str_call_on_hold">Call on Hold</string>
    <string name="str_no_active_call">No Active Calls</string>
    <string name="str_update">looks like you\'re using an older version,\n Update now for less bugs batter performance,\nand the letest features.</string>
    <string name="str_update_now">Update Now</string>
    <string name="str_tap_exit">Tap to Exit</string>
    <string name="str_not_merge">Call is not merged yet.</string>
</resources>